<application>
  <component name="TemplateSettings">
    <option name="deletedKeys">
      <list>
        <TemplateKey>
          <option name="groupName" value="Zen CSS" />
          <option name="key" value="pos:s" />
        </TemplateKey>
        <TemplateKey>
          <option name="groupName" value="Zen CSS" />
          <option name="key" value="pos:a" />
        </TemplateKey>
        <TemplateKey>
          <option name="groupName" value="Zen CSS" />
          <option name="key" value="pos:r" />
        </TemplateKey>
        <TemplateKey>
          <option name="groupName" value="Zen CSS" />
          <option name="key" value="pos:f" />
        </TemplateKey>
        <TemplateKey>
          <option name="groupName" value="Zen CSS" />
          <option name="key" value="b:a" />
        </TemplateKey>
        <TemplateKey>
          <option name="groupName" value="Zen CSS" />
          <option name="key" value="l:a" />
        </TemplateKey>
        <TemplateKey>
          <option name="groupName" value="Zen CSS" />
          <option name="key" value="d:n" />
        </TemplateKey>
        <TemplateKey>
          <option name="groupName" value="Zen CSS" />
          <option name="key" value="d:b" />
        </TemplateKey>
        <TemplateKey>
          <option name="groupName" value="Zen CSS" />
          <option name="key" value="d:f" />
        </TemplateKey>
        <TemplateKey>
          <option name="groupName" value="Zen CSS" />
          <option name="key" value="d:if" />
        </TemplateKey>
        <TemplateKey>
          <option name="groupName" value="Zen CSS" />
          <option name="key" value="d:i" />
        </TemplateKey>
        <TemplateKey>
          <option name="groupName" value="Zen CSS" />
          <option name="key" value="ov:h" />
        </TemplateKey>
        <TemplateKey>
          <option name="groupName" value="Zen CSS" />
          <option name="key" value="ov:s" />
        </TemplateKey>
        <TemplateKey>
          <option name="groupName" value="Zen CSS" />
          <option name="key" value="ovs:a" />
        </TemplateKey>
        <TemplateKey>
          <option name="groupName" value="Zen CSS" />
          <option name="key" value="mt:a" />
        </TemplateKey>
        <TemplateKey>
          <option name="groupName" value="Zen CSS" />
          <option name="key" value="mr:a" />
        </TemplateKey>
        <TemplateKey>
          <option name="groupName" value="Zen CSS" />
          <option name="key" value="mb:a" />
        </TemplateKey>
        <TemplateKey>
          <option name="groupName" value="Zen CSS" />
          <option name="key" value="ml:a" />
        </TemplateKey>
        <TemplateKey>
          <option name="groupName" value="Zen CSS" />
          <option name="key" value="h:a" />
        </TemplateKey>
        <TemplateKey>
          <option name="groupName" value="Zen CSS" />
          <option name="key" value="ol:n" />
        </TemplateKey>
        <TemplateKey>
          <option name="groupName" value="Zen CSS" />
          <option name="key" value="bd:n" />
        </TemplateKey>
        <TemplateKey>
          <option name="groupName" value="Zen CSS" />
          <option name="key" value="bdb:n" />
        </TemplateKey>
        <TemplateKey>
          <option name="groupName" value="Zen CSS" />
          <option name="key" value="bg:n" />
        </TemplateKey>
        <TemplateKey>
          <option name="groupName" value="Zen CSS" />
          <option name="key" value="bgsz" />
        </TemplateKey>
        <TemplateKey>
          <option name="groupName" value="Zen CSS" />
          <option name="key" value="td:n" />
        </TemplateKey>
        <TemplateKey>
          <option name="groupName" value="Zen CSS" />
          <option name="key" value="td:u" />
        </TemplateKey>
        <TemplateKey>
          <option name="groupName" value="Zen CSS" />
          <option name="key" value="fw:n" />
        </TemplateKey>
        <TemplateKey>
          <option name="groupName" value="Zen CSS" />
          <option name="key" value="fw:b" />
        </TemplateKey>
        <TemplateKey>
          <option name="groupName" value="Zen CSS" />
          <option name="key" value="fw:br" />
        </TemplateKey>
        <TemplateKey>
          <option name="groupName" value="Zen CSS" />
          <option name="key" value="fw:lr" />
        </TemplateKey>
        <TemplateKey>
          <option name="groupName" value="Zen CSS" />
          <option name="key" value="cur:p" />
        </TemplateKey>
        <TemplateKey>
          <option name="groupName" value="Zen CSS" />
          <option name="key" value="fxd" />
        </TemplateKey>
        <TemplateKey>
          <option name="groupName" value="Zen CSS" />
          <option name="key" value="fxd:r" />
        </TemplateKey>
        <TemplateKey>
          <option name="groupName" value="Zen CSS" />
          <option name="key" value="fxd:rr" />
        </TemplateKey>
        <TemplateKey>
          <option name="groupName" value="Zen CSS" />
          <option name="key" value="fxd:c" />
        </TemplateKey>
        <TemplateKey>
          <option name="groupName" value="Zen CSS" />
          <option name="key" value="fxd:cr" />
        </TemplateKey>
        <TemplateKey>
          <option name="groupName" value="Zen CSS" />
          <option name="key" value="fxw" />
        </TemplateKey>
        <TemplateKey>
          <option name="groupName" value="Zen CSS" />
          <option name="key" value="fxw:n" />
        </TemplateKey>
        <TemplateKey>
          <option name="groupName" value="Zen CSS" />
          <option name="key" value="fxw:w" />
        </TemplateKey>
        <TemplateKey>
          <option name="groupName" value="Zen CSS" />
          <option name="key" value="jc:fs" />
        </TemplateKey>
        <TemplateKey>
          <option name="groupName" value="Zen CSS" />
          <option name="key" value="jc:fe" />
        </TemplateKey>
        <TemplateKey>
          <option name="groupName" value="Zen CSS" />
          <option name="key" value="jc:c" />
        </TemplateKey>
        <TemplateKey>
          <option name="groupName" value="Zen CSS" />
          <option name="key" value="jc:sb" />
        </TemplateKey>
        <TemplateKey>
          <option name="groupName" value="Zen CSS" />
          <option name="key" value="jc:sa" />
        </TemplateKey>
        <TemplateKey>
          <option name="groupName" value="Zen CSS" />
          <option name="key" value="ai:fs" />
        </TemplateKey>
        <TemplateKey>
          <option name="groupName" value="Zen CSS" />
          <option name="key" value="ai:fe" />
        </TemplateKey>
        <TemplateKey>
          <option name="groupName" value="Zen CSS" />
          <option name="key" value="ai:c" />
        </TemplateKey>
        <TemplateKey>
          <option name="groupName" value="Zen CSS" />
          <option name="key" value="ai:b" />
        </TemplateKey>
        <TemplateKey>
          <option name="groupName" value="Zen CSS" />
          <option name="key" value="ai:s" />
        </TemplateKey>
        <TemplateKey>
          <option name="groupName" value="Zen CSS" />
          <option name="key" value="ac:fs" />
        </TemplateKey>
        <TemplateKey>
          <option name="groupName" value="Zen CSS" />
          <option name="key" value="ac:fe" />
        </TemplateKey>
        <TemplateKey>
          <option name="groupName" value="Zen CSS" />
          <option name="key" value="ac:c" />
        </TemplateKey>
        <TemplateKey>
          <option name="groupName" value="Zen CSS" />
          <option name="key" value="ac:sb" />
        </TemplateKey>
        <TemplateKey>
          <option name="groupName" value="Zen CSS" />
          <option name="key" value="ac:sa" />
        </TemplateKey>
        <TemplateKey>
          <option name="groupName" value="Zen CSS" />
          <option name="key" value="ac:s" />
        </TemplateKey>
        <TemplateKey>
          <option name="groupName" value="Shell Script Hidden" />
          <option name="key" value="shell_if" />
        </TemplateKey>
        <TemplateKey>
          <option name="groupName" value="Shell Script Hidden" />
          <option name="key" value="shell_elif" />
        </TemplateKey>
        <TemplateKey>
          <option name="groupName" value="Shell Script Hidden" />
          <option name="key" value="shell_select" />
        </TemplateKey>
        <TemplateKey>
          <option name="groupName" value="Shell Script Hidden" />
          <option name="key" value="shell_case" />
        </TemplateKey>
        <TemplateKey>
          <option name="groupName" value="Shell Script Hidden" />
          <option name="key" value="shell_for" />
        </TemplateKey>
        <TemplateKey>
          <option name="groupName" value="Shell Script Hidden" />
          <option name="key" value="shell_while" />
        </TemplateKey>
        <TemplateKey>
          <option name="groupName" value="Shell Script Hidden" />
          <option name="key" value="shell_until" />
        </TemplateKey>
        <TemplateKey>
          <option name="groupName" value="Shell Script Hidden" />
          <option name="key" value="shell_function" />
        </TemplateKey>
        <TemplateKey>
          <option name="groupName" value="Shell Script Hidden" />
          <option name="key" value="shell_string equal" />
        </TemplateKey>
        <TemplateKey>
          <option name="groupName" value="Shell Script Hidden" />
          <option name="key" value="shell_string not equal" />
        </TemplateKey>
        <TemplateKey>
          <option name="groupName" value="Shell Script Hidden" />
          <option name="key" value="shell_string is empty" />
        </TemplateKey>
        <TemplateKey>
          <option name="groupName" value="Shell Script Hidden" />
          <option name="key" value="shell_string not empty" />
        </TemplateKey>
        <TemplateKey>
          <option name="groupName" value="Shell Script Hidden" />
          <option name="key" value="shell_number equal" />
        </TemplateKey>
        <TemplateKey>
          <option name="groupName" value="Shell Script Hidden" />
          <option name="key" value="shell_number not equal" />
        </TemplateKey>
        <TemplateKey>
          <option name="groupName" value="Shell Script Hidden" />
          <option name="key" value="shell_number less" />
        </TemplateKey>
        <TemplateKey>
          <option name="groupName" value="Shell Script Hidden" />
          <option name="key" value="shell_number less or equal" />
        </TemplateKey>
        <TemplateKey>
          <option name="groupName" value="Shell Script Hidden" />
          <option name="key" value="shell_number greater" />
        </TemplateKey>
        <TemplateKey>
          <option name="groupName" value="Shell Script Hidden" />
          <option name="key" value="shell_number greater or equal" />
        </TemplateKey>
        <TemplateKey>
          <option name="groupName" value="Shell Script Hidden" />
          <option name="key" value="shell_file exists" />
        </TemplateKey>
        <TemplateKey>
          <option name="groupName" value="Shell Script Hidden" />
          <option name="key" value="shell_file not empty" />
        </TemplateKey>
        <TemplateKey>
          <option name="groupName" value="Shell Script Hidden" />
          <option name="key" value="shell_file readable" />
        </TemplateKey>
        <TemplateKey>
          <option name="groupName" value="Shell Script Hidden" />
          <option name="key" value="shell_file writable" />
        </TemplateKey>
        <TemplateKey>
          <option name="groupName" value="Shell Script Hidden" />
          <option name="key" value="shell_file executable" />
        </TemplateKey>
        <TemplateKey>
          <option name="groupName" value="Shell Script Hidden" />
          <option name="key" value="shell_file equals" />
        </TemplateKey>
        <TemplateKey>
          <option name="groupName" value="Shell Script Hidden" />
          <option name="key" value="shell_file newer" />
        </TemplateKey>
        <TemplateKey>
          <option name="groupName" value="Shell Script Hidden" />
          <option name="key" value="shell_file older" />
        </TemplateKey>
        <TemplateKey>
          <option name="groupName" value="Shell Script Hidden" />
          <option name="key" value="shell_path exists" />
        </TemplateKey>
        <TemplateKey>
          <option name="groupName" value="Shell Script Hidden" />
          <option name="key" value="shell_directory exists" />
        </TemplateKey>
        <TemplateKey>
          <option name="groupName" value="Shell Script Hidden" />
          <option name="key" value="shell_command exists" />
        </TemplateKey>
        <TemplateKey>
          <option name="groupName" value="Vue" />
          <option name="key" value="vbase" />
        </TemplateKey>
      </list>
    </option>
  </component>
</application>